"uid","model","symbol","predicted_open","predicted_high","predicted_low","predicted_close","rmse_open","rmse_high","rmse_low","rmse_close","accuracy_open","accuracy_high","accuracy_low","accuracy_close"
"3a748555-ccd6-4683-9b52-a9029fd773e2","Neuralnet","NASDAQ:AAPL",227.751843844196,229.544588576743,225.945072241985,228.084350945994,5.12725863216881,5.27703057272656,5.27506952567134,5.63910265901365,1,0.8,0.8,0.6
"e8826209-dd2f-45bc-9eff-ab7f82b517b2","Nnet","NASDAQ:AAPL",227.751935486847,229.544480650561,225.945161297917,228.084193554428,5.12717507036203,5.27712768326472,5.27499164847029,5.63924315236372,1,0.8,0.8,0.6
"7d1c3ee4-7f0b-4345-969c-6aa4ff9e77ed","Neuralnet","NASDAQ:MSFT",425.006927960587,427.317879553046,421.146903127576,424.056451097666,5.63599532639873,4.96993687408385,4.40918418761151,4.11147226135823,1,1,1,1
"fe7959cf-655f-4f84-b897-0ced11e71389","Nnet","NASDAQ:MSFT",425.006935459492,427.317951643995,421.146906426838,424.056451661256,5.63599731812256,4.96992954037174,4.40918455417779,4.11147209610471,1,1,1,1
"f1d8623b-4f0c-4667-a28b-a63359779eba","Neuralnet","NASDAQ:NVDA",127.709513561019,129.6856225028,125.628715867113,127.841599957796,13.3520318589016,13.3965741269076,13.7746263049906,14.2706664089639,0,0,0,0
"8edf4cc4-d3bc-4bfb-aced-1f8a51598181","Nnet","NASDAQ:NVDA",127.709516132811,129.685587102708,125.628716126698,127.841612902034,13.3520293058985,13.3966094154961,13.774626047353,14.2706535574865,0,0,0,0
"ba97242d-15b5-4558-aa8f-88079815fbb4","Neuralnet","NASDAQ:GOOGL",163.296774126391,164.677461237484,161.912190017375,163.250031859424,0.737401347555483,1.01773346627463,0.972503470153801,1.32864309231399,1,1,1,1
"3aed3070-f692-4b2c-bb36-60678b8703e7","Nnet","NASDAQ:GOOGL",163.296774196317,164.677638711477,161.911906451619,163.250322580505,0.737401334163307,1.01767688658643,0.972643114456713,1.32847988842313,1,1,1,1
"21c24e18-a6fd-4a40-a933-bd1724725747","Neuralnet","NASDAQ:GOOG",164.641492020428,166.042926542771,163.295717805424,164.611083244261,0.863953756854721,1.20995230488199,1.18646965105677,1.57244174498998,1,1,1,1
"f159ae27-4adb-48ad-b558-d8a27a48e6aa","Nnet","NASDAQ:GOOG",164.641677422254,166.042987096607,163.295809677167,164.610967741418,0.863848294206152,1.20991701944821,1.18640571021049,1.57252467100491,1,1,1,1
"899a43e2-0c42-4171-b5c4-09c658ef6e83","Neuralnet","NASDAQ:AMZN",187.593837352847,189.060409025923,185.691988121424,187.511500975332,1.25833252712522,1.54092530525195,1.63133610854455,2.08769571829587,1,1,1,1
"bc750ad0-3c14-48ae-8357-59e65acad80d","Nnet","NASDAQ:AMZN",187.593870967752,189.060558064516,185.691996774204,187.511451612908,1.25833049297515,1.54087950403419,1.63133599711826,2.08770587412437,1,1,1,1
"576165cf-8bd2-4abd-a174-6ae73479d3e8","Neuralnet","NASDAQ:META",571.157355870658,576.233633269717,564.896319143005,570.954033600169,5.19988494833542,6.22857046882726,5.1699355569873,7.06586832282763,1,1,1,1
"789bc0dd-04f5-483e-9d88-d0ecd3e351da","Nnet","NASDAQ:META",571.157419356492,576.233648389419,564.896316127314,570.954032255765,5.19984694604938,6.22856431197167,5.16993701391756,7.06586876690531,1,1,1,1
"2a6bb2a6-e526-4810-a4a4-8a11a30939f3","Neuralnet","NASDAQ:AVGO",174.652120011353,176.93919474867,171.865885942107,174.596740334583,3.07847524682071,3.13052171749855,3.99699505301172,3.57919187595062,1,1,0.6,1
"c6700de4-c955-4e7e-a772-98892659c631","Nnet","NASDAQ:AVGO",174.652258058014,176.939272481326,171.865667747758,174.596774196459,3.078378259348,3.13048715398152,3.99712367621459,3.57917967871348,1,1,0.6,1
"c1fb7f91-42f1-4ff5-8c47-21b1067b1534","Neuralnet","NASDAQ:TSLA",237.941341634459,241.950914059719,233.674173935954,238.457697934412,17.851783998349,23.350672968508,18.304860482647,23.3084642437402,0.2,0,0,0
"ad6a0fc7-117b-44b0-8703-65bfe1972169","Nnet","NASDAQ:TSLA",237.941290322507,241.950906451457,233.674174193617,238.457741935658,17.8517634861968,23.3506716147227,18.3048605595168,23.3084696762409,0.2,0,0,0
"f01916bc-9bd3-4956-9406-31e2a7ce5108","Neuralnet","NASDAQ:COST",895.291725218876,900.822370831123,887.558270848479,893.888691335443,4.41312137441256,5.56888578124986,4.80667053322277,4.50603035751884,1,1,1,1
"5571984d-0897-4385-8f61-7a1636e81d15","Nnet","NASDAQ:COST",895.291774190264,900.8222129018,887.558270966002,893.88870968387,4.41312871768987,5.56884465136736,4.80667049953716,4.50602869086267,1,1,1,1
"8ee60b07-dd0f-4047-9ae2-0951348a799f","Neuralnet","NASDAQ:NFLX",718.948087783499,725.623532542218,710.701183631259,719.299669718497,41.8057755149274,40.3394090410563,42.1259501991653,42.3334165532505,0,0,0,0
"c8ba8515-6684-473d-aaf3-b26fc8de07f0","Nnet","NASDAQ:NFLX",718.948064515782,725.623419355132,710.701183869649,719.29967742074,41.8057985856958,40.3395210357593,42.1259499634648,42.3334089905728,0,0,0,0
"9b855dd4-1c41-49f7-a66e-11117853ed12","Neuralnet","NASDAQ:AMD",160.359715962794,162.363001501645,157.634590786891,159.873767692827,5.39700398455203,6.22300584472165,5.10171978875652,5.10306829061876,0.4,0.4,0.4,0.4
"39de8e5f-20a0-4618-83cc-fee479c43405","Nnet","NASDAQ:AMD",160.359451612019,162.363161290243,157.634577418842,159.873870969,5.39674635860974,6.22315754513175,5.1017071101868,5.10316089545892,0.4,0.4,0.4,0.4
"eb08d271-3136-4123-b361-fb78fb97666a","Neuralnet","NASDAQ:QCOM",169.727460621721,171.767872092913,167.004147718419,169.578378403804,1.46231217887435,1.76751923315888,1.98570762383102,2.5159424477602,1,1,1,1
"4974f29f-17f5-415a-be85-5ba74a1d0566","Nnet","NASDAQ:QCOM",169.727419354952,171.767993548011,167.003867741999,169.578064516331,1.46229091647888,1.7675284088439,1.9856770179585,2.51597435833536,1,1,1,1
"9ca93862-d502-4d3e-b6f8-54fa41b75ce7","Neuralnet","NASDAQ:ADBE",508.934190824716,512.91034164728,502.597634142245,506.551659184118,18.958066860593,19.8504058653709,17.5511573232407,18.1555030294946,0.4,0.2,0.4,0.4
"e2428080-6bed-4e6c-929a-d00d3c922c8e","Nnet","NASDAQ:ADBE",508.93403224325,512.910370961623,502.597625795061,506.551612894093,18.9579136316403,19.850434269964,17.5511492574753,18.1554588705777,0.4,0.2,0.4,0.4
"5cb6a935-121b-4b94-9a7c-19ba1e688f58","Neuralnet","NASDAQ:PEP",172.602408548563,173.845609776866,171.508736855574,172.683888896722,1.29712408767047,1.71432738483469,1.64508128850342,1.3543073663899,1,1,1,1
"6fc637f9-afcd-40f5-800d-dc548ae4201c","Nnet","NASDAQ:PEP",172.602419349686,173.84548387022,171.508904223253,172.683870961019,1.29711568084276,1.71439491160149,1.64494475767995,1.35431931352001,1,1,1,1
"d4ac094f-b0c6-48f2-b93c-ed888f5e3e70","Neuralnet","NASDAQ:LIN",475.374205526969,477.693981612753,472.501839377094,475.448829475773,5.58673556735246,4.58243669263865,5.08108385338051,4.74799085087955,1,1,1,1
"a7672759-d415-4a8b-91d8-10ee316f43b7","Nnet","NASDAQ:LIN",475.37419355113,477.694216126149,472.501838709794,475.448709677461,5.58674521320741,4.58225711559224,5.08108437746185,4.74807727334745,1,1,1,1
"4065ce89-5b40-4677-9d21-dd2ec3c2658e","Neuralnet","NASDAQ:TMUS",210.018264359413,212.544450646926,208.830631366495,211.06739334811,14.3586772553,15.8180739367915,13.9964534942052,16.089482605612,0,0,0,0
"74a295da-7b09-4542-b570-6faf7f68a692","Nnet","NASDAQ:TMUS",210.018387096777,212.544490322569,208.830712903194,211.067096774223,14.3585642878332,15.8180372728709,13.9963776145006,16.0897560490572,0,0,0,0
"a4b9a45c-0d7c-4913-84ac-858b3cd6c89e","Neuralnet","NASDAQ:AMAT",195.885396204478,198.243782001319,192.266749010966,194.864362925741,10.8213621771075,11.8593163120989,9.32979290083455,10.6023061423173,0,0,0,0
"846b8f7f-f6e8-4039-8f4c-e7255bc7cd80","Nnet","NASDAQ:AMAT",195.885161292003,198.243754838194,192.266745162854,194.864193545699,10.8211305636135,11.859289496056,9.32978914966807,10.6021400204776,0,0,0,0
"85cd34f4-912a-4dae-96d4-9bf47bddbc21","Neuralnet","NASDAQ:CSCO",53.3342391493557,53.7714327021204,53.0751495873756,53.5064535698554,2.96985602592247,2.97923023388576,2.99537843781787,2.86524020192225,0,0,0,0
"05e70b9b-905d-4a8c-99c2-11fec9777032","Nnet","NASDAQ:CSCO",53.3343548388553,53.7713645162605,53.0751645164178,53.5064516130282,2.96974069073537,2.97929826862726,2.99536356124781,2.86524215212903,0,0,0,0
"842c93e8-68f5-462c-afa3-b4007fdb8dfa","Neuralnet","NASDAQ:TXN",203.071583340931,205.011226021151,200.803940028246,202.892884548383,5.55694804259396,6.21108589959719,5.67341909260265,6.25662286605903,0.6,0.4,0.4,0.4
"47cedcb0-7f4b-4112-8c36-ea63bd57be48","Nnet","NASDAQ:TXN",203.071612903189,205.01108064337,200.803922581716,202.893064516916,5.55696244665355,6.21103660240215,5.67341273958136,6.25665965499422,0.6,0.4,0.4,0.4
"3ff51a71-5d80-4246-9b18-9d7a91d82c35","Neuralnet","NASDAQ:INTU",623.523518425518,628.194021018764,617.638051895501,622.041047197752,16.0954417913329,15.5471373402086,13.590406321931,14.1348594182989,0.8,0.8,1,0.8
"30eb3814-a319-4918-9e6d-ae6a54dc7a59","Nnet","NASDAQ:INTU",623.523548379621,628.194322582948,617.638048395276,622.040967739963,16.0954713957056,15.5474324043446,13.5904029174008,14.1347854684627,0.8,0.8,1,0.8
"03ef7f29-7410-4f0a-8be0-b7faa407f3c7","Neuralnet","NASDAQ:MU",101.493124139659,103.037406500651,99.8198044042211,101.491619264008,6.9036816455107,5.90868573430596,6.59394172636158,6.32172420486122,0,0,0,0
"969f5feb-e3f1-4032-8d49-c601cfe2516d","Nnet","NASDAQ:MU",101.492870968039,103.03762580659,99.8197935481737,101.491612903002,6.90392773948375,5.90847318712261,6.59395225849324,6.32173036931055,0,0,0,0
"b9ee036a-b2b1-41ee-847b-7b2707fe6611","Neuralnet","NASDAQ:AMGN",324.083237272625,326.578261035754,321.055235481886,323.672581066677,7.52650103629592,7.19940946585121,6.33617008711801,6.83518166279288,0.8,1,1,1
"a64909f3-8ce8-42d7-b287-81bd23a708c5","Nnet","NASDAQ:AMGN",324.083387096259,326.577961290908,321.05523548397,323.672580644982,7.52664470380068,7.19911784627387,6.33617008914731,6.835181254831,0.8,1,1,1
"cfee14c6-b68f-4eda-b0de-7d378542fb90","Neuralnet","NASDAQ:ISRG",490.649114670772,494.419677717704,485.785410003447,490.116110623995,24.0419044357342,23.3057996545099,25.1581845150928,24.954057504684,0,0,0,0
"b97cd820-e98a-41ab-8e96-0095954d5f11","Nnet","NASDAQ:ISRG",490.649193582754,494.419480631461,485.78539349385,490.115967763846,24.0418260063098,23.3059950790799,25.1582009501449,24.9541994593372,0,0,0,0
"c8d5f98c-2f13-4486-a894-841bf425211d","Neuralnet","NASDAQ:CMCSA",41.0560164052515,41.5184450168739,40.7203874150376,41.0831548697765,0.73994194754352,0.690242483774895,0.613733277371798,0.634470711693041,1,1,1,1
"3ae132e0-5333-48c0-b326-12e3977d1650","Nnet","NASDAQ:CMCSA",41.0559677419695,41.5184483871139,40.7202612903101,41.0833870966824,0.739977855621306,0.690239356144646,0.613806571316408,0.634330244897502,1,1,1,1
"2cb5b40a-a6c8-4fce-bd95-5c88f09d0428","Neuralnet","NASDAQ:LRCX",79.096448435481,80.0824272643566,77.4892146393577,78.6361916021104,5.28468993180535,5.39303576105425,4.70062732832072,4.53964192543871,0.2,0.2,0.2,0.4
"1325f173-6ea6-476b-8aac-4fea3fac2b06","Nnet","NASDAQ:LRCX",79.0964516129015,80.0824029032265,77.4892129032277,78.6361935483864,5.28469283851825,5.3930139774571,4.70062578883216,4.53964355983583,0.2,0.2,0.2,0.4
"a3f23122-8f30-4305-9cf9-485f10ecab62","Neuralnet","NASDAQ:HON",209.812491567292,211.369449799986,208.145756713511,209.909895288982,9.18599020270227,9.1511679752327,8.94907050478653,8.93145595897754,0.4,0.4,0.4,0.4
"267a9078-0efb-4d9e-ba5b-0ee487de6289","Nnet","NASDAQ:HON",209.812580645519,211.369212903093,208.145761290047,209.910000000051,9.18591559747306,9.15136266121064,8.94906698892403,8.93137839302127,0.4,0.4,0.4,0.4
"3e61752e-b347-4ed1-a46d-c97690d4ca8c","Neuralnet","NASDAQ:BKNG",4197.32774193521,4234.62084666578,4168.82869999988,4207.94032258061,141.857917847906,138.018083511589,144.218702646099,144.37006830159,0.4,0.2,0.4,0.2
"9c1122e7-7636-4284-a05a-2ad230f86da7","Nnet","NASDAQ:BKNG",4197.3277419507,4234.62096129518,4168.82870002993,4207.94032253091,141.857917832677,138.017969788254,144.218702616547,144.370068350677,0.4,0.2,0.4,0.2
"180028ff-79df-4bba-aaea-df0732923268","Neuralnet","NASDAQ:INTC",22.4728426778099,22.9567413042344,22.0660648780383,22.5169935824528,0.229859729056481,0.372784903480367,0.287506237157511,0.361132779632832,1,1,1,1
"c65f9304-d39e-4ac1-9ead-86707e43994d","Nnet","NASDAQ:INTC",22.4729032257195,22.9569903225046,22.0661096773878,22.5167741936184,0.229871022047442,0.372937753252155,0.287504848369812,0.36112738261402,1,1,1,1
"e4aba119-0f11-4ddd-a6c1-8f3266118851","Neuralnet","NASDAQ:VRTX",472.751611883066,476.518849471573,467.819506452018,472.011612859444,4.95444109848256,5.9334205416023,6.44799216934895,3.66986510567892,1,1,1,1
"491642bd-56ef-4264-9cc2-eeedb6bd4b0b","Nnet","NASDAQ:VRTX",472.751612920902,476.518883865859,467.819506428529,472.011612902638,4.95444022446779,5.93339506437434,6.44799218671688,3.66986507938072,1,1,1,1
"bf000c21-6a89-4b51-b6e1-33d733eca21b","Neuralnet","NASDAQ:ADI",228.71763298707,230.792057555939,225.65660535627,228.286060951745,2.61913516662051,3.66971751330826,3.45251568921058,3.41196075505919,1,1,1,1
"9c063959-383a-4203-bb55-0fb9acbf55ad","Nnet","NASDAQ:ADI",228.717903225252,230.792287097214,225.656612903766,228.286129038725,2.61922160476876,3.66980371714171,3.45251577579955,3.41196275249246,1,1,1,1
"bf173621-2f63-47e6-972f-e53cff40279e","Neuralnet","NASDAQ:REGN",1043.69318956586,1050.62485523544,1026.7779064516,1035.60564519593,90.2999476357011,88.3244129420339,92.5797396334661,88.1983964486865,0,0,0,0
"2c779902-fda1-4009-bffc-8522053f4294","Nnet","NASDAQ:REGN",1043.69322580641,1050.62489354862,1026.77790645172,1035.60564516094,90.2999830997652,88.3244505674339,92.5797396335851,88.1983964141828,0,0,0,0
"286382f3-00ca-4928-aa3d-e5753503b9a8","Neuralnet","NASDAQ:KLAC",751.872902732386,761.331048849122,736.010851612861,746.455483871129,79.9354193126245,83.3416035997084,72.342800468035,76.2701824993526,0,0,0,0
"45a31ef8-09a1-4c9b-977b-53986741fae9","Nnet","NASDAQ:KLAC",751.872903208744,761.330983866027,736.010851615845,746.455483890886,79.9354197879425,83.3415387184098,72.3428004710117,76.2701825190729,0,0,0,0
"6234ef1f-a8f8-45f2-a408-6b1cbc43a837","Neuralnet","NASDAQ:PANW",352.520804895873,356.93293351581,348.43344398841,352.8238370816,18.6425267597584,19.2681492482613,18.2439294259824,18.3174857222888,0.2,0.2,0.2,0.2
"19d8b4ca-0309-49a9-a285-537e23e6e04c","Nnet","NASDAQ:PANW",352.520483867854,356.932977419524,348.433441934901,352.823870971263,18.642833558422,19.2681075139334,18.2439313638514,18.3174547471775,0.2,0.2,0.2,0.2
"f9f8f5b8-37b9-43c7-b2a3-0b8edacbe7e0","Neuralnet","NASDAQ:ADP",283.371692987377,284.999221822326,281.598063237024,283.582858688094,7.06470612918489,6.68310776329609,7.4525735678449,6.8595611005901,1,1,1,1
"9700f1b7-7944-46a0-a2f6-d1e66a2dbcac","Nnet","NASDAQ:ADP",283.37161291674,284.999354827284,281.597864773503,283.582903224462,7.06478580995,6.68297522264463,7.45277174811244,6.85951677471213,1,1,1,1
"5b13ab76-2ab0-45e7-8a47-c375ac065187","Neuralnet","NASDAQ:ABNB",130.12476827691,131.633811725782,128.898674771112,130.161087329025,4.74464791716014,4.42561312965263,4.72661106249342,4.60734760657288,0.4,0.4,0.4,0.4
"366c7fe8-32ff-4a05-b2ab-45438486e738","Nnet","NASDAQ:ABNB",130.124870971603,131.633693547244,128.898470967255,130.160967741671,4.74454802365343,4.42572480543877,4.72680137233033,4.60745654102725,0.4,0.4,0.4,0.4
"0c60321c-716f-4188-b5dc-749872850c2d","Neuralnet","NASDAQ:SNPS",509.173064495987,514.383239939348,502.086619382471,507.914515955964,9.68788548325928,10.322194418739,8.1202602844017,9.08788841596172,1,1,1,1
"d29dbc6f-9193-4d50-9f29-e13d659b02ea","Nnet","NASDAQ:SNPS",509.173064514579,514.383145160105,502.086619354587,507.914516132546,9.68788550153114,10.322103633319,8.12026026077513,9.08788856185556,1,1,1,1
"d5d280c2-84d7-4737-b8a2-b4c05fdf21c5","Neuralnet","NASDAQ:SBUX",96.3503044866623,97.0868393700381,95.4251281187903,96.2795786889104,1.34630602036561,1.09123063623096,1.14399271357388,0.891934714129362,1,1,1,1
"ff36408b-0adb-4038-8fcc-336bf7e88d13","Nnet","NASDAQ:SBUX",96.3503225806434,97.0867516127294,95.4251774198673,96.2796774197714,1.34630513755736,1.09128654349002,1.14397824769449,0.891846999849212,1,1,1,1
"74d6624c-f06a-4873-98e3-179620839c11","Neuralnet","NASDAQ:MDLZ",72.6519253158994,73.059136574224,72.0871006419744,72.4761271422087,2.12308570353532,1.99950773820891,1.98206198892777,2.10203086067711,0.4,0.6,0.6,0.6
"ca5c376e-8c74-41f4-a0de-f965c3119d50","Nnet","NASDAQ:MDLZ",72.6517741935471,73.0591935483885,72.0870967741922,72.476129032255,2.12293936202953,1.99956273576014,1.98205816204951,2.10203269146597,0.4,0.6,0.6,0.6
"5f43f770-ebcb-44eb-9bf3-c773e6eb9ad2","Neuralnet","NASDAQ:CDNS",269.69154059112,272.150327956377,265.836679757081,268.370316344523,17.2436468957407,17.7827360160125,16.5744535494566,15.9290217799042,0,0,0,0
"9187832f-89f2-4e29-90df-578e5584c677","Nnet","NASDAQ:CDNS",269.691612904889,272.150180641477,265.836680641893,268.370322580308,17.2437185967943,17.7825912726016,16.5744544175229,15.9290278776146,0,0,0,0
"fe2f6d2b-9073-4457-8ef7-a1f469d50256","Neuralnet","NASDAQ:GILD",84.7698661123217,85.5605455909809,84.2277288544792,85.0170319085124,3.04342410484304,3.14921792837767,2.91648460964221,3.12455145991944,0.4,0.2,0.4,0.4
"56ae60bc-79d3-434f-ac99-0c9e76f3f4af","Nnet","NASDAQ:GILD",84.7696806450045,85.5605258062491,84.2277258066336,85.0167741937278,3.04359212776728,3.14923699212051,2.9164874493018,3.12479337406194,0.4,0.2,0.4,0.4
"909147f9-5659-4201-a770-e7169796b28c","Neuralnet","NASDAQ:EQIX",879.830015702425,887.534230926001,873.89507445017,880.870959732988,18.0317257420825,25.5300430889573,18.7017053893631,27.2530903849942,0.8,0.8,0.8,0.8
"1e560366-8b45-417d-be0e-720db38f2d6a","Nnet","NASDAQ:EQIX",879.82999999963,887.534506453719,873.895074198404,880.870967735351,18.0317342484638,25.5298875873849,18.7017055480814,27.2530856942216,0.8,0.8,0.8,0.8
"7a4044cb-6947-463f-9ab9-5c985d548967","Neuralnet","NASDAQ:CTAS",207.48255063722,208.870450304673,205.786761708204,207.24616017064,3.25356768523926,3.21612365378833,3.68530407851345,3.17977528229756,1,1,1,1
"082c38de-ef2b-49a1-8542-6bfe9825bc76","Nnet","NASDAQ:CTAS",207.482580647356,208.870419353098,205.786748386339,207.246129032972,3.25354003749843,3.21615280981531,3.68531703214891,3.17980454047237,1,1,1,1
"c3379082-5428-4cdd-83ee-2f2c5064dd24","Neuralnet","NASDAQ:CME",221.554253129596,223.30638087496,220.004628951789,222.009652828011,5.35429037286694,5.39689764582283,5.66087402979115,5.77648697525727,0.8,0.8,0.8,0.8
"f7c26dda-8c90-464c-95f8-2089ad8a0f7c","Nnet","NASDAQ:CME",221.554193546801,223.306448387045,220.004629033854,222.009677419402,5.35434133659416,5.39683170091922,5.66087395438791,5.77646292937976,0.8,0.8,0.8,0.8
"fba0dad4-e870-4e6d-974b-1a97e8899ba2","Neuralnet","NASDAQ:MAR",252.215837148248,254.369505745053,250.429792754816,252.862901648868,10.5879186523477,10.1839001843135,10.5127917975783,10.3474551160454,0.2,0.2,0.4,0.4
"1f682dd1-5dc0-4f82-885f-b516c094dbaf","Nnet","NASDAQ:MAR",252.216129030659,254.369516129143,250.429790323342,252.862903225151,10.5876321114456,10.1838899535854,10.5127941060065,10.3474536086723,0.2,0.2,0.4,0.4
"b4ff65cb-43e8-4386-ab9a-b59adafbf9c8","Neuralnet","NASDAQ:NXPI",235.57232270805,238.33360960469,232.246582274024,235.288051783244,4.33085152228719,5.24358360519562,4.8642783023324,5.17823037549031,1,1,0.8,0.8
"3e604999-e4b1-4a31-b099-1f40e1d3498e","Nnet","NASDAQ:NXPI",235.572419355199,238.333761290637,232.246548386314,235.28806451622,4.33085978746783,5.24357948833057,4.86428164642411,5.17822804455439,1,1,0.8,0.8
"6e49bcdb-0de6-453e-a380-076f9d4d19b5","Neuralnet","NASDAQ:CEG",255.180220633137,260.510662293546,250.136886678818,256.389016608115,14.1248178950379,9.86658047414164,14.723862578545,11.8341285709085,0,0.4,0,0
"4fbaed0c-53aa-49eb-8adb-2101e2c2d9a6","Nnet","NASDAQ:CEG",255.180322575088,260.510545161463,250.136887102878,256.389032256545,14.1247178082051,9.86669407918174,14.7238621586532,11.834113524324,0,0.4,0,0
"93562ab5-6483-4b00-9486-23ecc09e40ef","Neuralnet","NASDAQ:CSX",34.1838492610529,34.5194778917544,33.8546479869093,34.1646392443216,0.682289535946047,0.839380437248205,0.697560483949332,0.785129165489221,1,0.8,0.8,0.6
"7896a052-42a5-411e-b803-b67e16fb8316","Nnet","NASDAQ:CSX",34.1838709676655,34.5194838711074,33.854812903299,34.1645161288917,0.682309160680529,0.83938603262735,0.697711617292709,0.785016791515936,1,0.8,0.8,0.6
"91a9a572-0902-451e-95f4-e7793c4e1a78","Neuralnet","NASDAQ:PYPL",78.1436497339306,79.1523938097661,77.4489867279789,78.4387626702759,2.91346629060824,2.96401311695589,3.24126715138223,2.80471871088556,0.4,0.4,0,0.4
"7db36407-a1b0-4c3d-a361-88bfe21d4e5e","Nnet","NASDAQ:PYPL",78.1437096775704,79.1523064508727,77.4487741932821,78.4387096781369,2.91340813938917,2.96409881340632,3.24147403065007,2.80477054142181,0.4,0.4,0,0.4
"8c21d25b-6f27-451e-b6ee-bdf1be9c3e78","Neuralnet","NASDAQ:ORLY",1161.97709686855,1173.42683365372,1153.5842741937,1164.77677418951,39.5153353896271,41.5311347655835,43.5293411713243,42.6997221767466,0.4,0.2,0.2,0.4
"c692f4fa-5022-4820-9015-2dd4ebcfa12a","Nnet","NASDAQ:ORLY",1161.97709678059,1173.42671613745,1153.58427419726,1164.77677419349,39.515335473979,41.5312515405849,43.5293411678891,42.6997221728281,0.4,0.2,0.2,0.4
"c333a05e-270a-4cb8-b353-d197b821c481","Neuralnet","NASDAQ:ROP",551.907682575347,555.092123337739,547.774438292645,551.397460846232,5.00689858967546,4.85773613782737,6.7762045026052,6.56512004013397,1,1,1,1
"8a44878c-f7d6-4e7b-9aaf-761d51f3c972","Nnet","NASDAQ:ROP",551.907741932145,555.092419358123,547.774467733559,551.397419373629,5.00691798101147,4.85789434665226,6.77621826003792,6.56509865389268,1,1,1,1
"dec37b7e-a975-4db1-8ede-9756d2c06a0b","Neuralnet","NASDAQ:PCAR",101.825759980811,102.96782229592,100.882641970678,102.0784231263,4.76190813245957,4.77324382597194,4.630550729871,4.49902605890431,0.4,0.2,0.6,0.6
"78671830-7b5c-4538-9a01-7820a238b9a0","Nnet","NASDAQ:PCAR",101.825806453521,102.968029030003,100.882661292804,102.078709675353,4.7618663312404,4.77305169117759,4.63053609039087,4.49877285103724,0.4,0.2,0.6,0.6
"161c7e7f-2019-4d32-8906-89d1db91a92a","Neuralnet","NASDAQ:MRNA",61.4560234367704,62.5082066217046,60.2037136180383,60.9483462902105,8.03939230182084,8.11292282970544,7.47021123038445,7.50227678324599,0,0,0,0
"a2457eb8-c466-4076-a494-8b4b0941a182","Nnet","NASDAQ:MRNA",61.455967741899,62.5082387096279,60.2035999999358,60.9480645159848,8.03933664414384,8.11295487105216,7.47009768068942,7.50199538200858,0,0,0,0
"f13208ed-179c-4c4c-947d-57720d580b06","Neuralnet","NASDAQ:CPRT",52.7146160047313,53.1759738692623,52.2838482054721,52.7110433878214,1.01544831720011,1.09823881648727,0.814399973629758,0.955528115859553,1,0.8,1,1
"9b28885c-2ee3-4e7e-acc7-fea7e3f50e1b","Nnet","NASDAQ:CPRT",52.7148677425691,53.1760193543361,52.2836161292555,52.7109677424894,1.01558479676286,1.09827091357075,0.814218842795519,0.955461534499243,1,0.8,1,1
"ab8179e6-14b6-43e7-ac0c-9d7993872514","Neuralnet","NASDAQ:ADSK",275.975476932925,278.305692470198,274.015163524698,276.325902795262,12.5751706994405,11.8459976882205,12.3985872021173,11.556095896055,0,0,0,0
"bd97f7f8-daac-4446-a8b8-b74130569249","Nnet","NASDAQ:ADSK",275.975483867071,278.305841937766,274.015109680506,276.32596773483,12.5751638163816,11.8458506141092,12.3986405870603,11.5560315128141,0,0,0,0
"e11e9855-1fe3-4e2e-ac42-426477ccbf38","Neuralnet","NASDAQ:MNST",51.8243646239461,52.2769214496642,51.3359587669009,51.9003877898236,1.8794880569942,1.6894864542469,1.92450208769734,1.71740816548241,0,0.6,0.2,0.2
"8d15dfcb-84f5-4db6-8958-a769ee874554","Nnet","NASDAQ:MNST",51.8241935473501,52.2769354834669,51.3359677428501,51.9003225800799,1.87965787279225,1.68947268133767,1.92449330512395,1.71747323109969,0,0.6,0.2,0.2
"dbc195d6-ec22-458d-aff1-815ff52c9f12","Neuralnet","NASDAQ:SMCI",45.3187156536725,46.9565744716737,43.901312609563,45.2395998879027,1.57389149015181,1.19156502734159,2.00180614224923,1.7784907315005,0.6,0.8,0.4,0.6
"9c7406dc-33bf-4857-87a1-25fdb579631a","Nnet","NASDAQ:SMCI",45.3190000008909,46.9567509668874,43.9011316125024,45.2396129032528,1.57366120805252,1.19145586978188,2.00196769060798,1.77848021965437,0.6,0.8,0.4,0.6
"17217296-a93c-4a3e-b2d6-ae2cae7ddd4b","Neuralnet","NASDAQ:ROST",148.470232178349,149.445963903001,146.855220221448,148.05903214996,2.86706861388241,3.05265188518143,2.38002822189018,2.64850141731777,1,1,1,1
"8e39286f-62f6-40fb-b5cf-b7d3b5e0d7e3","Nnet","NASDAQ:ROST",148.469999999803,149.446154839114,146.855216129854,148.059032257014,2.86687634875771,3.05281863629868,2.38002443115996,2.64850151711829,1,1,1,1
"61809a49-ef5d-4661-a5b5-c7a719bd4f34","Neuralnet","NASDAQ:MCHP",77.5380673440169,78.3445494836555,76.4116807195114,77.315220417648,1.71646922954622,1.78198790247595,1.76395134075112,1.69788301786759,0.8,0.8,0.8,1
"b6d26322-e29c-4182-9a19-1b02f5e7ded2","Nnet","NASDAQ:MCHP",77.5380645167412,78.3446774188722,76.4117193549621,77.3151612900739,1.71646670271358,1.78210733516963,1.76398491959523,1.69783073915403,0.8,0.8,0.8,1
"a9e0602f-2a60-410e-8c4a-beeeae68784d","Neuralnet","NASDAQ:KDP",36.9041920995547,37.1369324823319,36.6662217910282,36.8890556100841,1.11024142790001,1.07571588703115,1.29338448447682,1.23265002756144,0.6,0.6,0.6,0.6
"fc7515db-dfd7-47ea-9a8e-fe1cd554a737","Nnet","NASDAQ:KDP",36.9041935488289,37.1369354837727,36.6661290318276,36.8890322581206,1.11024242023129,1.07571785671219,1.29332329482894,1.23263485207491,0.6,0.6,0.6,0.6
"5e6355cd-310e-4dfe-a0d6-3d1337da449e","Neuralnet","NASDAQ:DXCM",69.4809587676271,70.4216307627919,68.5770557698422,69.5341761363387,3.15885051244077,3.73705194361989,3.44548175973627,3.92852832835271,0,0,0,0
"13800183-65d2-431c-95ce-d6c3221af1ee","Nnet","NASDAQ:DXCM",69.480967741643,70.4214999997485,68.5772516132372,69.5341935483247,3.15884170833826,3.7371791838001,3.44528992596533,3.92851135384561,0,0,0,0
"69e90086-bb30-49f5-b0ae-7869e451301b","Neuralnet","NASDAQ:AEP",100.96484467476,101.536888741854,100.259196651968,100.874191341532,0.908592485914475,1.00004004986782,0.903535496263315,1.0253267384777,1,1,1,1
"7ee407ce-33cf-40f5-8077-77cc91e83628","Nnet","NASDAQ:AEP",100.964838709971,101.536890322562,100.259196774981,100.874193547688,0.908588160695757,1.00004136320833,0.903535615146202,1.02532866677807,1,1,1,1
"471685c6-a3c1-4d69-8aec-4ca2e5dadddf","Neuralnet","NASDAQ:FTNT",78.6926204490021,79.5081252484525,77.9888740865319,78.8465627746301,2.90829498202347,3.01783690128157,2.93749400559578,2.65957358850867,0.4,0.4,0.4,0.4
"f9e482b4-0f2a-4d65-aff4-99880f05bc84","Nnet","NASDAQ:FTNT",78.6925483875022,79.5081354837954,77.9888709681142,78.8466129025132,2.90836456788717,3.01782698462324,2.93749706629689,2.65952576270515,0.4,0.4,0.4,0.4
"748894f8-5ef7-4c30-b3b6-89847c76f6c0","Neuralnet","NASDAQ:PAYX",137.918130095074,138.984149202991,136.744668499853,137.935366997647,3.56311318876765,3.18065887039023,3.76387551255129,3.59516295841175,0.8,1,0.8,1
"dcfc7da9-7066-4c9d-a40f-24b482ca3091","Nnet","NASDAQ:PAYX",137.918064520863,138.984251615365,136.744677416002,137.935483871849,3.56317715741455,3.18055732122361,3.76386674456086,3.59504655657602,0.8,1,0.8,1
"1e233620-e3e7-4eae-a49e-d2fd38113ee9","Neuralnet","NASDAQ:IDXX",486.904237391256,490.891921730116,480.739758422827,484.628707389546,30.8004915142235,31.3651959588647,29.9865920826612,29.2275133063248,0,0,0,0
"10eda588-b51e-468d-a343-bc5e504fe02b","Nnet","NASDAQ:IDXX",486.90419354883,490.891774193927,480.739758063792,484.628709677309,30.8004477376372,31.3650488567184,29.9865917243186,29.2275155772747,0,0,0,0
"a42fe81b-6c5c-4f76-b838-80395449d964","Neuralnet","NASDAQ:CHTR",329.567446976347,334.287932051651,325.331009694777,329.048062671004,6.99210193752991,4.34313922355113,7.39793511140365,6.98498769071904,0.8,1,0.8,0.8
"66038e06-ac96-47e2-a8bf-bf6b2aa15b4b","Nnet","NASDAQ:CHTR",329.567419354816,334.288064515935,325.33100967759,329.04806451618,6.99209684376399,4.34315059985833,7.3979351091676,6.9849877182088,0.8,1,0.8,0.8
"1d340146-0eb5-42c0-965a-f7a496e90467","Neuralnet","NASDAQ:KHC",35.0938081448493,35.3759112912939,34.8492937648836,35.1076534581992,0.484618848816753,0.549178425142612,0.317814260369373,0.345131176974196,1,1,1,1
"94bb8499-6bd9-4507-afda-426d0e49d84a","Nnet","NASDAQ:KHC",35.0935483868906,35.3759612903452,34.8492838710416,35.10741935495,0.484796942089187,0.54914509645972,0.317821784965492,0.345287465558317,1,1,1,1
"f0912b7e-0a0b-430f-bc1c-687b2cdcb72d","Neuralnet","NASDAQ:MPWR",913.06775135022,924.517156484421,896.438945161658,909.895160549225,26.455210213662,25.6767190651788,24.8723011452827,22.9312647134361,0.6,0.6,0.4,0.6
"cf330254-2901-4e38-abe0-cf52b4afd872","Nnet","NASDAQ:MPWR",913.067741942809,924.517083877927,896.438945143675,909.895161287491,26.4552022618762,25.6766576806856,24.8723011320469,22.9312652905965,0.6,0.6,0.4,0.6
"d5642f87-12b7-46b0-bc5a-ef1f72ef5f20","Neuralnet","NASDAQ:VRSK",267.882573806455,269.4649231151,265.749018893521,267.617363291771,1.30426886223772,1.24511298243928,0.696197043159073,1.34336992326534,1,1,1,1
"f65f340e-adb1-4edc-adac-77794ab0acce","Nnet","NASDAQ:VRSK",267.882580645205,269.464709677221,265.748712903235,267.617419354985,1.30427493706065,1.244947444998,0.696181718842849,1.343404035242,1,1,1,1
"eb31e931-44d7-46f6-a533-ec4ece2ed529","Neuralnet","NASDAQ:ODFL",196.435270826293,198.856137104606,194.027169677771,196.205607530989,3.19884416690662,2.85971399264465,4.37363027354532,4.25908500111348,0.8,1,0.8,0.8
"16950c82-1c96-406a-ac7c-ac6de7bd244f","Nnet","NASDAQ:ODFL",196.435161306072,198.855993541582,194.027177404324,196.205483874308,3.19877722462239,2.85964897718917,4.37363410918735,4.25904628327035,0.8,1,0.8,0.8
"e7586c30-6272-4a80-bf22-e0e3411c1f10","Neuralnet","NASDAQ:LULU",276.265163204162,280.718386345309,272.483641626027,276.921900074039,21.0674448135223,22.7155614967096,22.939729422443,23.4373577485943,0,0,0,0
"030eeb32-c3f3-4f18-b809-dfc715a697bb","Nnet","NASDAQ:LULU",276.265161290907,280.718316117723,272.483635500646,276.92209677282,21.0674466968442,22.7156294675288,22.9397354426477,23.4371664987757,0,0,0,0
"266e5001-8879-44cc-9847-b369af2c1d7f","Neuralnet","NASDAQ:ACGL",111.547717302031,112.50833102158,110.252990681667,111.277420098582,3.91301942800874,4.32389617806701,3.71318753105269,4.10343448444037,0.4,0.2,0.2,0.2
"995d9a9c-5f5a-4f77-a97e-bfa0c1c5830f","Nnet","NASDAQ:ACGL",111.547741932653,112.508186323348,110.252990324024,111.277419355975,3.91304368535365,4.32375417602003,3.71318718172124,4.10343375776127,0.4,0.2,0.2,0.2
"adc5e3ba-ebf1-4cf0-869f-1dbd41cf5230","Neuralnet","NASDAQ:FAST",72.9688962078449,73.4932090230653,72.1989275242384,72.9635408933889,3.75891793377172,3.4251228524118,3.76522171615563,3.51140907359584,0,0,0,0
"98e8d42d-6e58-4e20-b067-13a4194158da","Nnet","NASDAQ:FAST",72.9687096778385,73.4932225801325,72.1991967743199,72.9635483870581,3.75909866735511,3.42510964505385,3.76495848399113,3.51140175268167,0,0,0,0
"9585d1b2-bc49-4c7f-af0c-b581db815711","Neuralnet","NASDAQ:EA",143.684174678445,144.654075071741,142.461383473971,143.493185887054,1.79347258295005,1.93387582089075,2.16773441174387,2.35980572124101,1,1,1,1
"9c40732f-4478-400b-9742-c36bb9b16f78","Nnet","NASDAQ:EA",143.684193548677,144.653758065205,142.46120967666,143.49322580622,1.79345499265687,1.93417857646718,2.16788655408041,2.35976832250185,1,1,1,1
"1d1c8bbc-4a75-4117-ae49-5f148b39705b","Neuralnet","NASDAQ:EXC",40.2392519115091,40.5356143309296,39.9780339875867,40.2545828546281,0.51527744655115,0.385562446762966,0.485110211058586,0.37467610980625,1,1,1,1
"0b7cf854-74a9-4e3d-8d4c-63917ab4d338","Nnet","NASDAQ:EXC",40.2393548391748,40.5356419353721,39.9782322576909,40.2546774193959,0.515187810736912,0.385537004415241,0.484917315305837,0.374584639855458,1,1,1,1
"12307530-cf83-4760-9755-60a8035996a5","Neuralnet","NASDAQ:GEHC",90.3344227228112,91.1585819108074,89.4953333577324,90.3902402855278,1.10040401201046,1.21803702504302,1.17757894016321,1.15441561575239,1,1,1,1
"271f69b4-e835-433f-86f2-10954b00e6c7","Nnet","NASDAQ:GEHC",90.3341935469818,91.1585516132591,89.4953225807554,90.3903225816013,1.10023524010593,1.21801243510779,1.17756971210255,1.15449504800437,1,1,1,1
"3f67e09c-550f-41d1-9e74-34bf0676d215","Neuralnet","NASDAQ:NDAQ",73.2580581601768,73.7394531344465,72.6891958061924,73.2364532090259,1.28904174237756,1.37889804054661,1.23641229481215,1.33937377854476,0.8,1,1,1
"9fc239ef-1e23-4974-897d-329799d9f4fe","Nnet","NASDAQ:NDAQ",73.2580645144213,73.7394548383721,72.6889709684486,73.236451613575,1.28903685267346,1.3788964643338,1.23660574961635,1.33937527890648,0.8,1,1,1
"149373f2-4af6-468c-93c6-d40141c3d4ca","Neuralnet","NASDAQ:FANG",182.915043812423,185.436628451612,180.844731825186,183.25546203015,1.26005800823316,1.7039714043055,1.10927189128176,1.51416004038607,1,1,1,1
"8d2039a9-e190-4f68-bb33-a0691005249f","Nnet","NASDAQ:FANG",182.915161290146,185.43670322603,180.844725806152,183.255483871219,1.26001671534346,1.7040168951221,1.10927451356242,1.51417402452768,1,1,1,1
"77ca9751-0fdf-47db-b994-e334362f7884","Neuralnet","NASDAQ:BIIB",191.156463117882,192.690788612892,188.815131498062,190.50580618085,5.73868087187273,6.12882046391274,5.53569718672337,6.07737816075877,0.4,0.2,0.4,0.4
"a01d816f-310e-4786-ae5f-ed34227f0c4d","Nnet","NASDAQ:BIIB",191.156451612729,192.690711419555,188.81513225797,190.505806451468,5.73867026933729,6.12874670949143,5.53569793749374,6.07737842756685,0.4,0.2,0.4,0.4
"14864b55-729f-4e98-98b4-5a847a051412","Neuralnet","NASDAQ:CTSH",76.5509673646174,76.9814047687319,75.8895815495899,76.4089425653381,0.922292776397697,0.892529512753461,0.796158503949645,0.944821465569443,1,1,1,1
"0cd8bf93-e367-47af-abf1-fa4cca333cb5","Nnet","NASDAQ:CTSH",76.5509677419413,76.9811290322597,75.8896870967716,76.4090322580704,0.922292883163461,0.892407391349089,0.79620813872038,0.944882123259042,1,1,1,1
"a18c781c-42e4-4b81-8855-78e51e8bc8d7","Neuralnet","NASDAQ:BKR",36.3954915938937,36.8428988237864,36.0232225571342,36.4741093810619,0.650253557833197,0.512036736447277,0.484235319411493,0.622800862765905,0.8,1,1,0.8
"d801e5d5-6bfe-4458-8b11-e905da20e331","Nnet","NASDAQ:BKR",36.3954838709734,36.8428258065197,36.0232258065292,36.4741935482392,0.650258813434062,0.512085808686234,0.484233267540251,0.622761285078611,0.8,1,1,0.8
"9f6dd7db-e4ff-46bb-b1a8-8619e11f3599","Neuralnet","NASDAQ:TSCO",289.801922367732,292.6829456338,286.869486546724,289.592219274837,6.83288575692273,7.03726659711114,8.69840785706473,9.16501652356883,0.8,0.8,0.6,0.6
"9763a39b-02dd-491c-beb3-ec0b41f97c35","Nnet","NASDAQ:TSCO",289.801935485234,292.683122580691,286.869487097759,289.592258062314,6.83288857883324,7.03732726176519,8.69840806190276,9.16503196335064,0.8,0.8,0.6,0.6
"b6c21963-5565-4c63-b13b-0232614cdc57","Neuralnet","NASDAQ:CDW",222.242629203127,223.81049877298,219.934369160024,221.898064937004,4.17664479599519,3.98175423475547,3.07718758467881,3.32342883734827,1,1,1,1
"1007cd5b-57f3-4e7e-84af-253f577d02d7","Nnet","NASDAQ:CDW",222.242580645988,223.81047742012,219.934396580418,221.898064514829,4.17659865724582,3.98173355360396,3.07721296702263,3.32342844684959,1,1,1,1
"f895e6ef-9bf3-4f26-9dea-6c3c2ce301e3","Neuralnet","NASDAQ:ON",70.8267342887246,71.8236443347129,69.501688833132,70.5680957886144,2.39155838546011,2.95070034015182,2.83393818898116,2.72842269100759,0.6,0.4,0.4,0.4
"d6d79373-3658-41bd-8e32-22b0d8e9cef6","Nnet","NASDAQ:ON",70.8264516128043,71.8237806448371,69.5017741940723,70.5680645161901,2.39132498236971,2.95080113189485,2.8340024281748,2.72840196721554,0.6,0.4,0.4,0.4
"c04c6341-5e84-4293-9632-cdd2453a42b0","Neuralnet","NASDAQ:XEL",63.9038735874381,64.3623920405963,63.4977473343131,63.9590829201336,0.881201272530501,0.778452389291452,0.819286485551514,0.818848273498695,1,1,1,1
"7e5cf180-07e1-4e2d-96b4-c3bb54f1307e","Nnet","NASDAQ:XEL",63.9040322579788,64.3624516130883,63.4977451609647,63.9590322582892,0.881158768483058,0.778430458063994,0.819287107971995,0.81887233687041,1,1,1,1
"45f07279-c028-42e6-8904-c7cf7762ab35","Neuralnet","NASDAQ:CSGP",76.1429164383987,77.0211347947579,75.0194663850221,76.0528532798647,2.72778368994447,2.39947933609917,3.56199975823753,1.96212812095377,0.6,0.8,0.6,0.8
"9479bf4f-4f49-4a12-8a85-b91356aa8ea2","Nnet","NASDAQ:CSGP",76.1430645171542,77.0208161290327,75.0194967747815,76.052903226454,2.72784090561079,2.39935516235086,3.56201402741843,1.96215156205972,0.6,0.8,0.6,0.8
"5cea60ff-3983-4ea0-9456-8621c2721643","Neuralnet","NASDAQ:ANSS",322.715790346796,324.719895012257,319.277660882585,322.157559311603,2.42813774468862,2.70411400656884,3.6945503447431,3.66231518561696,1,1,1,1
"4b66206a-f795-43fe-bae2-586e26702cb7","Nnet","NASDAQ:ANSS",322.715806456495,324.719725808736,319.277667738431,322.157419349933,2.42812342586358,2.70424291497407,3.69454508698122,3.66241303862613,1,1,1,1
"772323d1-1d71-48e5-a4f7-db3331dcab5d","Neuralnet","NASDAQ:FSLR",226.575539335714,229.947034450064,220.969686554835,224.764848001516,28.5055093410989,29.7120129234406,26.651637398603,27.7604438091811,0,0,0,0
"2bf8772b-697a-4fa3-87bc-f5229c288d55","Nnet","NASDAQ:FSLR",226.575645160739,229.947096774496,220.969709676833,224.764838710443,28.5056147875672,29.7120749983011,26.6516603852858,27.7604345782167,0,0,0,0
"06c3260e-60b1-4e4b-b8cc-24e965575427","Neuralnet","NASDAQ:TTWO",153.715166769648,155.198475406135,152.386038067561,153.899185152678,6.1433891503677,6.37124195043096,6.70002753906829,6.97800367710052,0.4,0.2,0.4,0.2
"c7e3b476-908e-44b3-808e-7858981c47f9","Nnet","NASDAQ:TTWO",153.71516128995,155.198445161548,152.38604838733,153.89919354826,6.14339394989259,6.37126991304025,6.70001820402665,6.97799569202014,0.4,0.2,0.4,0.2
"e1de022e-74b2-4d72-84ce-6d01b3595646","Neuralnet","NASDAQ:EBAY",64.9812866593035,65.5681057495574,64.3989038486282,64.9284722693796,1.00057696118182,1.13674088320971,1.06933466681749,1.39398398497374,1,1,1,1
"fe93534c-c1a9-4e94-8959-2dc675baec4b","Nnet","NASDAQ:EBAY",64.981290322428,65.5683548390658,64.3989225809964,64.9287096773743,1.00058034134654,1.13696928386808,1.06935246321242,1.39421398377459,1,1,1,1
"11762a9a-d27f-4fa2-a206-bfbd544520ec","Neuralnet","NASDAQ:WTW",291.795799811026,294.005945872778,289.363883023712,291.776463960305,1.63242037175789,1.83302632595601,1.4768294247358,0.843887921151945,1,1,1,1
"bdc5e8ea-6fb4-48b1-a7fb-db83eeb9767d","Nnet","NASDAQ:WTW",291.795806451613,294.005858064522,289.363883870953,291.776451612913,1.63242650539815,1.83294513253284,1.4768298853408,0.843879106211974,1,1,1,1
"18762a61-64a4-4178-aae7-411d602936a1","Neuralnet","NASDAQ:NTAP",122.898874567948,124.032600579788,121.789539215474,122.854008705934,3.10681405890351,2.94775397715581,3.07173022442396,2.99386691005132,0.6,0.8,0.8,0.8
"a86e83ba-7251-4f2f-9028-11c9025ce6ce","Nnet","NASDAQ:NTAP",122.898709676947,124.032526774413,121.789587097082,122.854193548333,3.10674226000599,2.94771848371725,3.07175812843253,2.99398773972732,0.6,0.8,0.8,0.8
"107210e8-1d85-426d-84bb-28a17b90c7c0","Neuralnet","NASDAQ:WDC",66.7551060792258,67.5757427859029,65.8736377691907,66.7153735161291,2.6244409085465,2.66466274565349,2.35287153173399,2.8566004717255,0.8,0.8,0.8,0.8
"4630e200-ad36-422f-8f3e-8528af3ffdf0","Nnet","NASDAQ:WDC",66.7551612897165,67.5758032246894,65.873548386285,66.7151612921098,2.62441265845063,2.66463200722748,2.35291644959551,2.85670973405211,0.8,0.8,0.8,0.8
"a222df7e-92c0-4551-bd78-cc8af4defbc4","Neuralnet","NASDAQ:TROW",109.210688643818,110.088961916883,108.329872456304,109.22288884988,3.9556724472552,3.5458574117974,3.79672109035699,3.36060201657044,0.6,0.6,0.4,0.4
"92e11c48-90cf-47eb-8499-b13488ce5135","Nnet","NASDAQ:TROW",109.210645161945,110.088964515956,108.329900000858,109.222903226009,3.95571311116445,3.54585489248794,3.79669645931524,3.36058914406987,0.6,0.6,0.4,0.4
"6891312e-bb06-4c77-aae6-94c1e1318361","Neuralnet","NASDAQ:FITB",43.1725578868323,43.5879554892816,42.7194959071987,43.1249538420502,1.01234979870574,0.807319398243401,0.811544565369215,0.722915842517509,0.6,1,1,1
"a7c36d44-a71f-438e-9725-92a6df3627f0","Nnet","NASDAQ:FITB",43.1725806451128,43.5876451617755,42.7195483866662,43.124838709645,1.01232957871721,0.807602722539451,0.811494545988234,0.723023352315712,0.6,1,1,1
"52e3f278-c139-436a-9cfc-d77f6f172b77","Neuralnet","NASDAQ:DLTR",70.0608091690322,70.9204924503912,68.9637196106632,69.8799951095998,2.86731202930996,3.40977033694702,2.95627002280213,2.9937486550697,0.2,0,0,0
"bc9af9d3-8eab-4a46-bd3b-3c20e649f853","Nnet","NASDAQ:DLTR",70.0607870967494,70.9204741935242,68.9637258065251,69.8799999999767,2.86729032116267,3.40975242959803,2.95627602678963,2.99375349684338,0.2,0,0,0
"6e558354-069a-49bd-9418-e7d41cf5c554","Neuralnet","NASDAQ:TER",129.393225781099,130.864313056639,127.116525804909,128.618709886995,10.0797742701668,10.3698481900812,10.969793274359,11.1102172483715,0.2,0,0.4,0.4
"0bf2c317-102f-4e00-a908-2a834c834763","Nnet","NASDAQ:TER",129.393225805889,130.864466903918,127.116525806686,128.618709675243,10.0797742906906,10.3699782921138,10.9697932757531,11.1102170798745,0.2,0,0.4,0.4
"5f900f1b-0d10-4799-89e2-f20602db112c","Neuralnet","NASDAQ:STX",107.44358750828,108.62241235544,106.141498144742,107.600673944818,3.43515136021196,3.30937342459338,3.50677891617309,4.15311462295622,0.4,0.4,0.4,0.2
"f94302f2-dd74-49f2-9029-b00a8245f4e4","Nnet","NASDAQ:STX",107.443870967764,108.622203225843,106.141498451602,107.600967741877,3.43513846514326,3.30938288409605,3.50677896058171,4.15312416035776,0.4,0.4,0.4,0.2
"99e10131-1720-4d9c-a665-1f7fcc0470b0","Neuralnet","NASDAQ:AXON",414.023850456157,417.911333454377,409.956523266413,415.351508067105,30.1898779165542,31.326430343714,30.4526609179007,30.414382647478,0,0,0,0
"23b54390-ecb3-42fe-92fa-20a6d1cdd780","Nnet","NASDAQ:AXON",414.023870966242,417.911441937126,409.956532256343,415.351612904771,30.1898575081904,31.3263226074604,30.4526519773248,30.4142782989075,0,0,0,0
"4684121c-3f88-43ec-805c-1abd0627748b","Neuralnet","NASDAQ:PTC",179.904527328738,181.258654379512,178.420974110717,180.048312432942,4.07395750163869,3.75706824271251,4.17720875959939,4.41496468453901,1,1,0.8,0.8
"497a7321-3151-4f0d-b95e-69b02ef0a2ab","Nnet","NASDAQ:PTC",179.904516117125,181.258709700957,178.420999991987,180.048387088296,4.07396840369206,3.75701471361459,4.17718482496374,4.41489306074265,1,1,0.8,0.8
"3d31933e-352d-41bf-b3f2-4453aa062bf4","Neuralnet","NASDAQ:SBAC",240.844605159479,243.184102473605,238.448862969637,241.246128445857,4.04195604324164,3.40590660698534,3.87868659526661,3.06381367349381,1,1,1,1
"710b148b-0894-4de0-8b95-35b62a4747d9","Nnet","NASDAQ:SBAC",240.844516129491,243.184032257897,238.44887096633,241.246129033414,4.04202030359552,3.40596909170817,3.87867920997099,3.06381316455274,1,1,1,1
"dcfef039-549c-4689-b4b3-ad7461e2a289","Neuralnet","NASDAQ:STLD",125.891128957226,127.634986685507,124.608022820688,126.235577412072,6.9313090258618,5.85052005965103,5.1160607183622,5.08912190448075,0.2,0.2,0.4,0.2
"66879b9b-4669-4a55-9bf6-4684ead96303","Nnet","NASDAQ:STLD",125.891129030896,127.635161291666,124.608016128486,126.235806452385,6.93130895810607,5.85035758585327,5.11606694580069,5.08890432763272,0.2,0.2,0.4,0.2
"55a45fb7-d439-4e16-afe0-cc8407584351","Neuralnet","NASDAQ:ALGN",236.271286910039,239.481919665616,232.225482723106,235.337822031959,21.4123498943856,21.1199458661887,20.2485535481838,21.1182159112555,0,0,0,0
"33d1e28a-5ec3-4d0e-9e3f-a647a3b2af9a","Nnet","NASDAQ:ALGN",236.271290322884,239.48185484127,232.225483873117,235.337741934823,21.4123532117477,21.1198844320215,20.2485546715533,21.1181383719697,0,0,0,0
"ef3893b3-fc77-4d0f-a336-6bb2cb6c848d","Neuralnet","NASDAQ:ULTA",381.145000031718,385.762374470716,375.771451612757,380.601935441986,13.5554751245538,14.4565744039908,11.9780039605139,12.3430861220911,0.2,0.4,0.4,0.2
"74ba63c3-b48e-4710-81a2-f0c48495c5ac","Nnet","NASDAQ:ULTA",381.144999999989,385.76257096773,375.771451612906,380.601935483865,13.5554750931023,14.456762416851,11.978003960654,12.3430861620593,0.2,0.4,0.4,0.2
"3d8acd06-5a78-403b-8f65-42e209f63943","Neuralnet","NASDAQ:COO",108.249945651473,109.161594136023,107.374637584441,108.203756853597,1.85147643806129,1.85656400331424,1.80343580335652,1.84791258137013,1,1,1,1
"9280ffb5-682b-46ba-9bea-9ac33dd230ce","Nnet","NASDAQ:COO",108.249999995907,109.161631873809,107.374677420135,108.203548388538,1.85152369329182,1.85659400755124,1.80347051901639,1.84773279091257,1,1,1,1
"d0d41f06-4105-419e-95c2-0faa2ee5c907","Neuralnet","NASDAQ:PFG",86.69928773861,87.3650790387137,86.0212284009821,86.7068416236217,2.78646864550054,2.63203173819908,3.29980509434436,3.29226859590396,0.4,0.6,0,0
"b6d175ab-e8e8-4ad1-83c7-34fbb851b388","Nnet","NASDAQ:PFG",86.6990322580253,87.3653225805852,86.0212290322155,86.7067741936025,2.78669829517549,2.63182457397861,3.29980475292805,3.29230012044466,0.4,0.6,0,0
"c4a56fb1-387b-4624-8d23-4002d2965275","Neuralnet","NASDAQ:HBAN",14.9124239476276,15.065796494487,14.7768051957966,14.9220956798857,0.608526917155288,0.567164522544505,0.59166648680474,0.59294673380287,0.4,0,0.4,0.2
"a0a188af-8b4f-418d-8636-6497c7e9381b","Nnet","NASDAQ:HBAN",14.9124193548338,15.0657580645222,14.7767774193527,14.9220967741944,0.608531321636474,0.567202751890093,0.591693630834728,0.592945661719016,0.4,0,0.4,0.2
"86bda5c0-3f5d-4641-ab2c-93aa95ed17b6","Neuralnet","NASDAQ:CINF",136.986304441226,137.937127020928,135.743612620522,136.837228353025,2.82251308717087,2.57373247966861,2.38979562695442,2.45640685626756,0.8,0.8,1,1
"73a31820-0e6b-4d9e-92de-0e1325802cb0","Nnet","NASDAQ:CINF",136.986129031374,137.936935485279,135.743574193459,136.837419354401,2.82267514762185,2.57390534782365,2.38983108562775,2.45622531352602,0.8,0.8,1,1
"d409b73f-190e-41dd-baf6-045c338e84a2","Neuralnet","NASDAQ:VRSN",185.497657622133,187.050324609854,184.243132279046,185.656018195664,1.1501666050088,2.13213391998924,1.5235423529314,1.2749073029071,1,1,1,1
"f51d5a0a-5d11-4b69-985b-52aa70318608","Nnet","NASDAQ:VRSN",185.497741935016,187.05048387103,184.243396775033,185.656129034008,1.15008917038816,2.13205282914246,1.5233139059076,1.27483236624292,1,1,1,1
"1f32b85b-bb4d-4a6e-9f36-633dd68e1c52","Neuralnet","NASDAQ:WBD",7.94768986455381,8.11106369854294,7.82131410478434,7.94828281296522,0.423380473876519,0.451675990225049,0.399600358492681,0.439545111880087,0,0,0,0
"92aa2205-7a1f-444d-961a-19788f574552","Nnet","NASDAQ:WBD",7.94758064515829,8.11096774194204,7.82131935483958,7.94838709677009,0.423275303210156,0.45158326608456,0.399605368301371,0.439645775488574,0,0,0,0
"d4e7c62c-20f5-402c-aa18-7794cfc28b11","Neuralnet","NASDAQ:ILMN",137.268232553842,139.537499383164,135.100800677872,137.585929308683,6.13783529858758,5.06068201027358,6.72711192326267,5.81071224517612,0,0.2,0,0.2
"830620eb-fd30-408c-a366-56333d5d1a09","Nnet","NASDAQ:ILMN",137.268225806982,139.537817772619,135.100754838286,137.585806451536,6.13784194864134,5.06036791067429,6.72715721831476,5.81083200191321,0,0.2,0,0.2
"4b6b9b3d-c3ec-495c-a542-0a9a292bc4d9","Neuralnet","NASDAQ:SWKS",97.7743730540545,98.7166444776579,96.2712427492195,97.4883375149571,1.74685730701238,2.19341638600795,1.77368808963896,1.92228800333405,1,1,1,1
"ed6a845d-301e-42f9-88d1-bfdeae54dc27","Nnet","NASDAQ:SWKS",97.7741935483682,98.7169354838844,96.2711225806457,97.4883870967928,1.74669388310369,2.19369243242739,1.77359215190118,1.92233443976275,1,1,1,1
"047371c8-9aa7-456f-a385-d1f76fe3e8f2","Neuralnet","NASDAQ:HOLX",80.8885564218003,81.4580736859243,80.2827999779215,80.9366865103186,0.393418813696836,0.257832615852368,0.354390815078061,0.365945538246594,1,1,1,1
"d7f3f42f-b9f4-4465-a7eb-88998e04a220","Nnet","NASDAQ:HOLX",80.8885483869952,81.4582258064296,80.282848387203,80.9367741935569,0.393426032102246,0.257787270435122,0.354360464877653,0.365895392266376,1,1,1,1
"08f75c99-ef1c-425c-996e-6a58fede66c5","Neuralnet","NASDAQ:NTRS",92.6856184198795,93.5322450171581,91.858735010405,92.7824848645708,8.06680859769772,8.20381367472014,7.33502961896436,7.77585360467872,0.2,0.4,0,0
"52c982d8-7cb2-475c-8330-eb9b9fbc1159","Nnet","NASDAQ:NTRS",92.685806451729,93.5322580645128,91.8587935484053,92.7822580643841,8.06664155465461,8.20380206518362,7.33497625854004,7.77605887016855,0.2,0.4,0,0
"336bc0ff-8001-43d8-b947-7c9be3d14c24","Neuralnet","NASDAQ:UAL",60.4367332339824,61.9085109486079,59.8034197548602,61.0430643826257,13.6229746742661,13.2205619782499,13.3327075443177,13.3640985619807,0,0,0,0
"cf81d02e-f424-4d2b-95af-f74076f58ce7","Nnet","NASDAQ:UAL",60.4367322578742,61.9083258066262,59.8034193551687,61.0430645158156,13.6229756495354,13.2207469511635,13.3327079433459,13.3640984289618,0,0,0,0
"7242df6f-d45d-4641-b54c-83aba127deae","Neuralnet","NASDAQ:JBHT",171.802702304086,173.55896802906,169.570018654157,171.392005082287,4.19731765077175,3.69558520087039,4.74351852626543,4.9810254077142,1,1,0.8,0.6
"f36294dc-b186-41cc-b534-8158bfa3efcf","Nnet","NASDAQ:JBHT",171.802903233115,173.559174189942,169.569999972417,171.392258090036,4.1971199780681,3.69538543077415,4.74353668208827,4.98077610968539,1,1,0.8,0.6
"67eb1b3b-9c66-436a-9b83-227452a57023","Neuralnet","NASDAQ:ENPH",104.437417841484,106.256682951652,101.946525917149,103.963548288396,21.3156287842705,20.548952958751,19.9128752589779,19.869425250534,0,0,0,0
"e984bc64-fac2-46ff-8e45-73d93e455833","Nnet","NASDAQ:ENPH",104.437419357007,106.256606454352,101.946525804544,103.963548385135,21.3156302406238,20.54887867374,19.9128751506655,19.8694253435725,0,0,0,0
"ec4fa751-590b-4644-8b3c-9f8186ac00e1","Neuralnet","NASDAQ:EXPE",149.349031390678,150.970633680701,147.798699190213,149.732753513281,11.2664622071861,11.3338782281665,11.1027932138507,11.0781814611602,0,0,0,0
"2e086770-e915-48e3-a4e4-ac116e816c9b","Nnet","NASDAQ:EXPE",149.34887098513,150.970954848014,147.798684374194,149.732741922789,11.2666214809649,11.3335599096998,11.1028079291301,11.0781929376798,0,0,0,0
"f65edac6-aa1a-4b13-b440-086ba409e3e0","Neuralnet","NASDAQ:NWSA",26.2673496622937,26.4690177692387,26.0700877871231,26.2411868440764,0.217621038100532,0.257802606679605,0.203393632459727,0.2230060625873,1,1,1,1
"bd4edbac-ed69-4c31-abaf-7a53aa108652","Nnet","NASDAQ:NWSA",26.2673548387663,26.4687096775016,26.0702580644984,26.2412903225877,0.217624780949128,0.257594743847182,0.203484172674274,0.22307901196601,1,1,1,1
"8c9d11a6-9592-4ffc-95ba-c9a82d6e134f","Neuralnet","NASDAQ:NWS",27.7119150526238,27.8899593410318,27.4926306804514,27.6745053684813,0.18483174270912,0.165311246365883,0.218828536034812,0.180335170436775,1,1,1,1
"e0909313-5a57-4fd6-80ab-99d904b55786","Nnet","NASDAQ:NWS",27.7119354839195,27.890161290274,27.492616129001,27.6745161294007,0.18481692149775,0.165194001955112,0.218839946403366,0.180326966022712,1,1,1,1
"7acb1905-c943-4762-8f3a-960e82db98e2","Neuralnet","NASDAQ:ZBRA",365.904444300493,369.268924168023,362.892705341953,366.221090486892,5.13813722981564,3.74052862394877,4.88964157122715,4.41034021053703,1,1,1,1
"288c1690-2c47-4e11-82bc-f6aa1f2f8b2a","Nnet","NASDAQ:ZBRA",365.90451612912,369.26902580796,362.89269677364,366.220967740856,5.13808352698111,3.74047014734861,4.88964755602201,4.41038638181293,1,1,1,1
"29443375-5bf5-476c-876c-c5510a949ce9","Neuralnet","NASDAQ:FOXA",41.5402745849789,41.902149634743,41.2864133364164,41.6005649599374,0.596743374627061,0.462025255274621,0.568002929096159,0.421555085116497,1,1,1,1
"249a716e-21c2-4b35-94f4-2dcc1cc2add7","Nnet","NASDAQ:FOXA",41.5403225803967,41.9020709675199,41.2866129032855,41.6003225800112,0.596696908924071,0.462098445105926,0.567810186455775,0.421774409998144,1,1,1,1
"a0095153-4916-4d52-80aa-21c6d935ec55","Neuralnet","NASDAQ:GEN",27.200788614715,27.4035885887116,26.9852872739822,27.1972961735307,0.195217376693539,0.203834476020573,0.190664596516743,0.268595514671631,1,1,1,1
"76352ca2-5a8c-4fed-9861-31108e93a675","Nnet","NASDAQ:GEN",27.2007419349506,27.4036290320671,26.9853096776713,27.1970967746328,0.195179409548909,0.203859396884482,0.190682608718478,0.268426796442945,1,1,1,1
"69636248-0d89-47de-af51-3bc8ad26fb9c","Neuralnet","NASDAQ:FOX",38.2425415879971,38.570474189979,38.0054601805035,38.2883885765959,0.401006255880929,0.27227859424758,0.373623345054394,0.264759146693135,1,1,1,1
"abfc851b-6701-4f53-95f7-092bb954d1a0","Nnet","NASDAQ:FOX",38.2425806451617,38.570432258064,38.0053258064523,38.2883870967735,0.400970856136769,0.272312557152152,0.37375049857036,0.264760430064804,1,1,1,1
"15c9544b-6691-4def-81fd-8ff5e9f54fc5","Neuralnet","NASDAQ:PODD",234.001202311476,236.261871066326,231.140048087134,233.914299657672,2.3193090193256,2.28215101644235,3.01593538214677,2.53795549797332,1,1,1,1
"557e9b7d-12f0-45e7-8a9e-004d541e1770","Nnet","NASDAQ:PODD",234.000967741955,236.26197096777,231.140045161236,233.914193548396,2.3195346379046,2.28205505589528,3.0159381276528,2.53805440573154,1,1,1,1
"6e1af190-d3ce-428a-8ae0-57d612edd2e4","Neuralnet","NASDAQ:INCY",65.6778852102182,66.3824750573049,65.009903809913,65.7651690587329,0.489925520443901,0.484476489391073,0.22740763027925,0.438454063904687,1,1,1,1
"a4b87c64-1d8b-45f1-a72f-65d2f099ed7b","Nnet","NASDAQ:INCY",65.6780645163544,66.3822580646801,65.0098032245332,65.7651612910845,0.489997239352712,0.484307888885568,0.227348417402608,0.438446885943189,1,1,1,1
"f3c120d9-a1bb-4469-a169-3514b0e1af47","Neuralnet","NASDAQ:AKAM",101.696173171731,102.442310767054,100.932973653897,101.774026959671,3.44375885595173,3.0033013482977,3.06405726247321,2.72757524042424,0.4,0.6,0.6,0.6
"589f8c7d-c371-48c3-89a7-4c039aa95e2c","Nnet","NASDAQ:AKAM",101.6964516129,102.442419354835,100.932974193545,101.774032258075,3.44350838686754,3.00320077343462,3.06405676809414,2.72757072603198,0.4,0.6,0.6,0.6
"e6e32ce9-8699-4203-91ce-af93b9610c1e","Neuralnet","NASDAQ:TRMB",60.5454676757495,61.1523888023543,60.0017033508283,60.6301205277495,0.606055610411513,0.479194133294729,0.521982502787609,0.353108764913751,1,1,1,1
"7d77d2df-4fd6-4808-8a36-11e63cb1c701","Nnet","NASDAQ:TRMB",60.545483870768,61.1520709681203,60.0018741935454,60.6303225802172,0.60605100020146,0.479107084777506,0.521906495478088,0.353122624464114,1,1,1,1
"d356b230-643d-4d7e-9b54-e8b27314faf8","Neuralnet","NASDAQ:CPB",48.7669924852603,49.1424303281726,48.412458247163,48.7306152138626,1.52843830204766,1.6261980393463,1.48796587816443,1.592039376399,0.2,0.2,0.4,0.2
"a3424a26-054e-435d-8553-f25aeb91465a","Nnet","NASDAQ:CPB",48.7670967741937,49.1424193548356,48.4122580645157,48.7306451612938,1.52853526018336,1.6261875705338,1.48776643658263,1.59206918417888,0.2,0.2,0.4,0.2
"7daed86c-8a4b-497e-bf28-35fdf7ae77d7","Neuralnet","NASDAQ:NDSN",255.722263855935,257.543002628225,253.634051947307,255.482616984755,4.45254686138825,5.42520285283688,4.40870274931117,4.91481462130534,1,0.8,1,1
"13a83763-953c-4afb-bfff-ff2c12216937","Nnet","NASDAQ:NDSN",255.722258067269,257.543122580212,253.634051612629,255.482580648298,4.45254214695765,5.42530798691103,4.40870244466812,4.91477997198275,1,0.8,1,1
"4097c3c7-16b4-4767-8e41-392df0c14925","Neuralnet","NASDAQ:WBA",9.24097981920972,9.45673995574678,9.03734305873402,9.22654515828838,0.888088152925592,0.785296697924424,0.704597401039589,0.604707151054901,0.4,0.6,0.4,0.6
"c0657df8-62ef-48e2-84b9-2156045b4221","Nnet","NASDAQ:WBA",9.24074193546956,9.45673870977036,9.0376290320714,9.22645161279488,0.888271120067452,0.785297633180692,0.704375959739808,0.604774826812264,0.4,0.6,0.4,0.6
"96d6e587-3cf2-4a4f-ba4f-d97b24200ff7","Neuralnet","NASDAQ:POOL",367.85354269771,371.061276426411,363.544653464514,367.120310471364,11.7174712951699,11.2561521460309,10.5904421281596,12.437016844863,0.4,0.6,0.6,0.6
"100d41b4-9dbc-47f2-9a7e-f31eba5fcfd9","Nnet","NASDAQ:POOL",367.853548387094,371.061190322566,363.544658064522,367.120322580654,11.7174713367063,11.256133754852,10.5904438550042,12.4370212480118,0.4,0.6,0.6,0.6
"70a77b58-ff69-4418-bd8e-16b4ffaa39ec","Neuralnet","NASDAQ:LNT",60.4534674087565,60.8934507053548,60.1226747757744,60.5509911253316,1.32508840641959,1.11218114754827,1.11974166061216,1.04847061244951,1,1,1,1
"33b92f00-f7e7-4653-b86b-67287f526876","Nnet","NASDAQ:LNT",60.4533870967636,60.893393548449,60.1227419354595,60.5509677419101,1.32516189693766,1.11223570252653,1.11967734502943,1.04849275896747,1,1,1,1
"cbbc699d-34b3-481c-9bb0-b38b511ed8d2","Neuralnet","NASDAQ:HST",17.8579760324868,18.0331114526084,17.6368246076871,17.8427255466178,0.283724741973054,0.363612471248689,0.299942244938156,0.269933950627173,1,1,0.8,1
"939877b4-ab0b-4d70-a7fe-bfac234e06ab","Nnet","NASDAQ:HST",17.8580645161352,18.0330645161295,17.6368161290422,17.8427419354679,0.28380457435275,0.363567277753308,0.299935748399451,0.269948505500419,1,1,0.8,1
"e7a7cd6a-974c-435c-8d75-af49b2f6ea66","Neuralnet","NASDAQ:EVRG",61.0361097279372,61.3902628843505,60.6553880026016,61.0465502223212,0.634699268887676,0.47696878877388,0.606077054667298,0.556746335598178,1,1,1,1
"60139264-5d52-4b23-aef9-883fa3e71563","Nnet","NASDAQ:EVRG",61.0358064517985,61.3902680645721,60.6551096775914,61.046774193133,0.634936246623837,0.476964642846301,0.606284474060248,0.556547032861596,1,1,1,1
"2605e872-a57d-494a-8cd3-be7c9386d89a","Neuralnet","NASDAQ:VTRS",11.5785452702287,11.6887051119201,11.4445773502854,11.5693879838642,0.0868872834480824,0.0613471454782846,0.0759279349061195,0.0718591333639874,1,1,1,1
"29562e28-5dde-43d8-bfc1-d0b71e4e0f7c","Nnet","NASDAQ:VTRS",11.5783870969727,11.688709677305,11.4445161287781,11.569193548742,0.0869446699793276,0.0613455608863271,0.0759758575834502,0.071901626555808,1,1,1,1
"bb166c09-4a66-4702-ab85-b2481fc9c854","Neuralnet","NASDAQ:TECH",74.7470912187401,75.5690852272104,73.5362098901704,74.3861366753924,4.98100857577165,5.39604759805355,4.80306168570831,5.04394460045897,0,0,0,0
"7079ba93-90aa-4ca3-8927-82773167561b","Nnet","NASDAQ:TECH",74.7470967776121,75.5690709706959,73.5362096736879,74.386129029745,4.98101409009535,5.39603343364664,4.80306147079657,5.04393703031095,0,0,0,0
"4239e566-a319-41a1-b97d-4410db72a2b3","Neuralnet","NASDAQ:JKHY",179.842582428495,181.162320486526,178.617900530389,180.01742408178,4.68219977146754,4.34423397030483,5.00266794202985,4.54684821438346,0.8,0.8,0.6,1
"c06f4774-275a-415e-b938-70654c4b0caa","Nnet","NASDAQ:JKHY",179.842580644971,181.162090321898,178.61811290396,180.017419354994,4.68220153107617,4.34446013214437,5.00245896767411,4.54685288682827,0.8,0.8,0.6,1
"e9497667-f980-4aa5-b0b2-8c4cac5b7ffd","Neuralnet","NASDAQ:REG",71.9570437953485,72.442323779214,71.3471910777972,71.8609314222082,0.414158167047331,0.128781067827166,0.360119505458605,0.262894656713534,1,1,1,1
"b45e6e67-7b4c-4d34-8392-e96eb6483996","Nnet","NASDAQ:REG",71.956774193547,72.442058064528,71.3470967741944,71.8609677419366,0.414173198173657,0.128830183862878,0.360187285078984,0.26287793268347,1,1,1,1
"1b1abaf6-c4c5-4139-bce9-b5a997ea1fdf","Neuralnet","NASDAQ:QRVO",102.648765243501,103.556674449511,100.943842490364,102.21353827694,1.8735900061904,2.04891929115187,1.64667185540154,1.85196334479775,1,1,1,1
"924264eb-5e1a-4947-92bd-3d1e094d47eb","Nnet","NASDAQ:QRVO",102.649032253019,103.556806450649,100.943906460571,102.213548384388,1.87379078075636,2.04903304540289,1.64672312932624,1.85197218374694,1,1,1,1
"dc908979-0f42-4203-b432-71de93894df6","Neuralnet","NASDAQ:LKQ",39.5163811816796,39.9097982428322,39.0816016518966,39.3789133147677,1.21979048391126,1.15609903653734,1.37470854159033,1.41437716294413,0.6,0.6,0.2,0.4
"bfb787d4-3d72-45a7-8bb0-36e205b11b1f","Nnet","NASDAQ:LKQ",39.5164516126909,39.9098387099226,39.0814516125663,39.3787096771895,1.21985205750982,1.15613546787273,1.37456932018648,1.4141892878084,0.6,0.6,0.2,0.4
"2e246059-238d-4eda-9581-f2cf6cc3cc14","Neuralnet","NASDAQ:APA",25.3210917117884,25.7194514706209,24.9508962780305,25.346589273271,0.347865945732485,0.589438045069724,0.44246595126072,0.546433938901256,1,0.8,0.8,0.8
"ad2612cf-5ab1-4252-8dc6-a286971d673e","Nnet","NASDAQ:APA",25.3212580646005,25.7191806451756,24.9509290321389,25.3467741935645,0.347995599987697,0.589210853382421,0.442488744302036,0.546596583594912,1,0.8,0.8,0.8
"18c2d178-e4bc-4990-82ff-009926364045","Neuralnet","NASDAQ:CHRW",107.082257534744,108.018946607379,105.929441978253,107.159998866174,1.58668249038548,0.991452807698803,1.61728120179284,0.994025465421953,1,1,1,1
"018ebad3-a4b0-48cd-a0ba-006e8c2752ae","Nnet","NASDAQ:CHRW",107.082258065514,108.018867741715,105.929441935527,107.159999999158,1.58668205225626,0.991506823452478,1.61728123963878,0.994024648188884,1,1,1,1
"2779cc35-9f83-465d-bed4-6a9a422bc2e2","Neuralnet","NASDAQ:WYNN",94.1932482202898,95.7347429386063,93.232350014792,94.6478965444618,4.31113475358417,3.58236599753372,4.35841858406757,3.850118681154,0,0,0,0
"c7231af8-98cb-4c4f-b2df-01526450621c","Nnet","NASDAQ:WYNN",94.1933870968094,95.7346903225358,93.2323516129869,94.6479032258463,4.31099627597577,3.5824184231255,4.35841699065017,3.85011209003539,0,0,0,0
"c91a0d70-4d27-4e25-8f75-2c976fd253e3","Neuralnet","NASDAQ:FFIV",215.28081907694,216.971030745902,214.096204791137,216.700005933931,0.954289984861571,1.59604789387851,1.71437698172744,2.42877062617731,1,1,1,1
"d9ea5fe5-b8f3-4eb9-86ef-c8586c2cf019","Nnet","NASDAQ:FFIV",217.919032256791,219.438548386047,216.331451613387,218.090967741078,1.47582616487671,1.88429010511814,1.94129882834907,2.47565324665823,1,1,1,1
"c4f9a0f7-7cab-4fc3-9a77-db65f934001b","Neuralnet","NASDAQ:HAS",71.4781532331292,72.0926034655339,70.7694467928484,71.3417828024623,2.29433150808205,1.94208549428266,2.88789497003943,2.89308941316731,0.8,0.8,0.6,0.6
"2179f3e3-873c-49fb-9065-2f7b59ef35d1","Nnet","NASDAQ:HAS",71.4780645161239,72.092561290329,70.7695161290279,71.3419354838803,2.29429654781466,1.94206471799103,2.88793668535724,2.89319020331972,0.8,0.8,0.6,0.6
"670447c8-2d79-412f-ae1e-a442c24d9ede","Neuralnet","NASDAQ:HSIC",71.1172326778827,71.8373094464429,70.3308281814762,71.0977223274404,0.511615760281593,0.541300429039338,0.569374599873353,0.477561978452493,1,1,1,1
"e448e4e6-c6d7-4a5a-b57a-083b46dcb5c6","Nnet","NASDAQ:HSIC",71.1170967741938,71.8375806451615,70.3308064516126,71.0977419354818,0.51166273198334,0.541418878194179,0.56937487399639,0.477568372557921,1,1,1,1
"e503b7fa-b39c-4ebf-9226-9681fc72bd9a","Neuralnet","NASDAQ:MTCH",37.1980665731422,37.6331463524294,36.8576119556657,37.2364801544015,0.682426347694917,0.466978392849711,0.525557502411785,0.406327702537692,0.8,1,1,1
"ed883a54-45cb-4e93-88a3-8f1e86ad2e7a","Nnet","NASDAQ:MTCH",37.1980645175115,37.6331419354411,36.8574516140021,37.2366129024381,0.682428209058177,0.466981370953663,0.525701322365894,0.406212865789611,0.8,1,1,1
"1cf5a31c-f37c-4b41-b8eb-b647fe232fd9","Neuralnet","NASDAQ:DAY",1885.23835083095,1893.08385659076,1876.52206775144,1884.41953489027,19.1619093170675,14.9970470415405,11.9841559141517,9.43511126903956,1,1,1,1
"9dabd153-42a7-4126-b56e-ab152067b8b7","Nnet","NASDAQ:DAY",1885.23835148793,1893.08360654997,1876.52206773523,1884.41953548492,19.1619088153548,14.9972065915988,11.9841559277915,9.43511071003607,1,1,1,1
"3d73b149-1d70-4901-9408-fe986b5a12dc","Neuralnet","NASDAQ:CZR",42.6977193927582,43.4242550865003,42.067826398904,42.7880615666297,1.42384506881828,1.13060411168186,1.19987691825782,1.18090617448298,0.6,0.6,0.6,0.8
"fde44040-eead-4e73-8045-67a92a62e91b","Nnet","NASDAQ:CZR",42.6974193548396,43.4242258064499,42.0678161290307,42.7880645161287,1.42411949538883,1.13063103822823,1.19988653539078,1.1809036470084,0.6,0.6,0.6,0.8
"f40b589c-086c-410d-b9d7-e09fe9da3a09","Neuralnet","NASDAQ:MKTX",270.95741040149,273.607965049694,268.448586138418,271.46730738962,17.606710859157,17.3660283095349,17.8679669806316,17.3307893871898,0,0,0,0
"e331aaf3-f59d-4fff-af29-fc2ce56ea0c3","Nnet","NASDAQ:MKTX",270.957419353883,273.607806451113,268.448645160631,271.467096772927,17.6067019749605,17.3661865099954,17.8679083103242,17.3309993221607,0,0,0,0
"cb47bed4-8ee1-4403-aa0b-bd2e2905064b","Neuralnet","NASDAQ:AAL",11.7256648941889,11.9521066114501,11.5361612357856,11.7311529047944,1.25519794328373,1.28387324047985,1.11421633894307,1.20445604223773,0,0,0,0
"ec425700-52cf-41b5-a3fe-19f4c2f4862c","Nnet","NASDAQ:AAL",11.7256193548367,11.9521322580679,11.5361677419258,11.7312903225895,1.25524330621554,1.28384799298692,1.11420987588229,1.20431926444676,0,0,0,0
"28498e87-1943-48dd-9106-84463b32f3c9","Neuralnet","NASDAQ:PARA",10.4669361146026,10.565755226154,10.3716113586357,10.4637281896833,0.150278924084708,0.173064087186436,0.109138964803314,0.154021202390579,1,1,1,1
"22a6152a-3ac5-4e08-9f8d-b3f9fdce85bb","Nnet","NASDAQ:PARA",10.4669354838627,10.5657387096858,10.3716064516171,10.4635483870926,0.150278357740729,0.173048421019407,0.109134306323347,0.153846417189356,1,1,1,1
"83198726-918f-4ea3-a229-1337f5914f16","Neuralnet","NASDAQ:ETSY",52.5274041306293,53.3099575985797,51.6521488658218,52.3517888440243,2.48149341611199,2.63812989740245,2.43268982722486,2.86773974214325,0.4,0.2,0.2,0.2
"42e6fa83-b917-4893-b7ce-85b78e64932e","Nnet","NASDAQ:ETSY",52.5274193548407,53.3098096774194,51.6521870967734,52.3516129032206,2.48150738822251,2.63800093759255,2.43272465517675,2.86757692837326,0.4,0.2,0.2,0.2
